<?xml version="1.0" encoding="UTF-8"?>
<!DOCTYPE mapper
        PUBLIC "-//mybatis.org//DTD Mapper 3.0//EN"
        "http://mybatis.org/dtd/mybatis-3-mapper.dtd">
<mapper namespace="com.alibaba.ylb.mtop.tddl.mybatis.ContractMapper">
	<sql id="baseSelect">
      select id as id,
		gmt_create as gmtCreate,
		gmt_modified as gmtModified,
		status as status,
		scanning_copy as scanningCopyFile,
		number as number,
		pay_evidence_file as payEvidenceFile,
		pay_status as payStatus,
		ip_id as ipId,
		merchant_id as merchantId,
		minimum_sale_amount as minimumSaleAmount,
		minimum_share_amount as minimumShareAmount,
		commission_type as commissionType,
		minimum_ratio as minimumRatio,
		overfulfil_ratio as overfulfilRatio,
		gmt_authorization_start as gmtAuthorizationStart,
		gmt_authorization_end as gmtAuthorizationEnd,
		gmt_clearance as gmtClearance,
		creator as creator,
		authorization_file as authorizationFile,
		authorization_file_status as authorizationFileStatus,
		last_modifier as lastModifier,
		contract_match_payer as contractMatchPayer,
		pay_delegation_file as payDelegationFile,
		other_channel as otherChannel,
		invoice_status as invoiceStatus,
		remark as remark,
		pay_delegation_file_status as payDelegationFileStatus
	  from contract
	  WHERE 1 = 1
    </sql>

	<select id="countLadderCommissionContractByMerchantId" parameterType="java.lang.Long" resultType="java.lang.Integer">
		select count(*) from contract
		where merchant_id = #{merchantId}
		and commission_type = 1;
	</select>

	<select id="countContractById" parameterType="java.lang.Long" resultType="java.lang.Integer">
		select count(id) from contract
		where ip_id = #{ipId};
	</select>

    <select id="selectByContractId" parameterType="java.lang.Long" resultType="contractDO">
        <include refid="baseSelect"></include>
        and id = #{id}
    </select>

	<select id="listContract" parameterType="listContractParam" resultType="contractDO">
		<include refid="baseSelect"></include>
		<if test="contractId != null">
			and id = #{contractId}
		</if>
		<if test="contractStatus != null">
			and status = #{contractStatus}
		</if>
		<if test="creatorEmpId != null">
			and creator = #{creatorEmpId}
		</if>
		<if test="ipIds != null and ipIds.size() > 0">
			and ip_id in (
			<foreach collection="ipIds" item="ipId" separator=",">
					#{ipId}
			</foreach>
			)
		</if>
		<if test="merchantIds != null and merchantIds.size() > 0">
			and merchant_id in (
			<foreach collection="merchantIds" item="merchantId" separator=",">
				#{merchantId}
			</foreach>
			)
		</if>
		order by id desc
	</select>

	<insert id="insertContract" parameterType="contractDO" useGeneratedKeys="true" keyProperty="id">
		insert into contract
			(
			  gmt_create
			, gmt_modified
			, status
			, scanning_copy
			, number
			, pay_evidence_file
			, pay_status
			, ip_id
			, merchant_id
			, minimum_sale_amount
			, minimum_share_amount
			, commission_type
			, minimum_ratio
			, overfulfil_ratio
			, gmt_authorization_start
			, gmt_authorization_end
			, gmt_clearance
			, authorization_file
			, authorization_file_status
			, last_modifier
			, contract_match_payer
			, pay_delegation_file
			, other_channel
			, invoice_status
			, remark
			, pay_delegation_file_status
			, creator
			)
		values
			(
			  now()
			, now()
			, #{status}#
			, #{scanningCopyFile}#
			, #{number}#
			, #{payEvidenceFile}#
			, #{payStatus}#
			, #{ipId}#
			, #{merchantId}#
			, #{minimumSaleAmount}#
			, #{minimumShareAmount}#
			, #{commissionType}#
			, #{minimumRatio}#
			, #{overfulfilRatio}#
			, #{gmtAuthorizationStart}#
			, #{gmtAuthorizationEnd}#
			, #{gmtClearance}#
			, #{authorizationFile}#
			, #{authorizationFileStatus}#
			, #{lastModifier}#
			, #{contractMatchPayer}#
			, #{payDelegationFile}#
			, #{otherChannel}#
			, #{invoiceStatus}#
			, #{remark}#
			, #{payDelegationFileStatus}#
			, #{creator}#
	  		)
	</insert>

    <update id="updateContract" parameterType="contractDO">
        update contract
        set
            gmt_create=#{gmtCreate}#
            , gmt_modified=now()
            , status=#{status}#
            , scanning_copy=#{scanningCopyFile}#
            , number=#{number}#
            , pay_evidence_file=#{payEvidenceFile}#
            , pay_status=#{payStatus}#
            , ip_id=#{ipId}#
            , merchant_id=#{merchantId}#
            , minimum_sale_amount=#{minimumSaleAmount}#
            , minimum_share_amount=#{minimumShareAmount}#
            , commission_type=#{commissionType}#
            , minimum_ratio=#{minimumRatio}#
            , overfulfil_ratio=#{overfulfilRatio}#
            , gmt_authorization_start=#{gmtAuthorizationStart}#
            , gmt_authorization_end=#{gmtAuthorizationEnd}#
            , gmt_clearance=#{gmtClearance}#
            , authorization_file=#{authorizationFile}#
            , authorization_file_status=#{authorizationFileStatus}#
            , last_modifier=#{lastModifier}#
            , contract_match_payer=#{contractMatchPayer}#
            , pay_delegation_file=#{payDelegationFile}#
            , other_channel=#{otherChannel}#
            , invoice_status=#{invoiceStatus}#
            , remark=#{remark}#
            , pay_delegation_file_status=#{payDelegationFileStatus}#
            , creator=#{creator}#
        where
            id = #{id}#
    </update>

	<select id="listDistinctCreator" resultType="java.lang.String">
		select distinct(creator)
		from contract
	</select>


</mapper>