<?xml version="1.0" encoding="UTF-8"?>
<!DOCTYPE mapper
        PUBLIC "-//mybatis.org//DTD Mapper 3.0//EN"
        "http://mybatis.org/dtd/mybatis-3-mapper.dtd">
<mapper namespace="com.alibaba.ylb.mtop.tddl.mybatis.MerchantMapper">
 <sql id="baseSelect">
      select 
      	id as id,
		gmt_create as gmtCreate,
		gmt_modified as gmtModified,
		name as name,
		tax_no as taxNo,
		regitser_no as regitserNo,
		value_add_tax as valueAddTax,
		tax_prove_file as taxProveFile,
		bank_name as bankName,
		bank_no as bankNo,
		company_address as companyAddress,
		company_phone as companyPhone,
		invoice_address as invoiceAddress,
		contact_info as contactInfo
	  from merchant 
    </sql>
    <insert id="save" parameterType="com.alibabapictures.sqbservice.module.MerchantDO" useGeneratedKeys="true" keyProperty="id">
        insert into merchant(gmt_create,gmt_modified,name,tax_no,regitser_no,value_add_tax,tax_prove_file,bank_name,bank_no,company_address,company_phone,invoice_address,contact_info)
		values(now(),now(),#{name},#{taxNo},#{regitserNo},#{valueAddTax},#{taxProveFile},#{bankName},#{bankNo},#{companyAddress},#{companyPhone},#{invoiceAddress},#{contactInfo})
    </insert>
    <update id="update" parameterType="com.alibabapictures.sqbservice.module.MerchantDO">
        update merchant set
        gmt_modified=now(),
        name=#{name},
        tax_no=#{taxNo},
        regitser_no=#{regitserNo},
        value_add_tax=#{valueAddTax},
        tax_prove_file=#{taxProveFile},
        bank_name=#{bankName},
        bank_no=#{bankNo},
        company_address=#{companyAddress},
        company_phone=#{companyPhone},
        invoice_address=#{invoiceAddress},
        contact_info=#{contactInfo}
        where id = #{id}
    </update>
    <select id="getById" resultType="merchantDO">
        <include refid="baseSelect" />
        where id = #{id}
    </select>
</mapper>