<?xml version="1.0" encoding="UTF-8" ?>
<!-- mybatis的配置文件 -->
<!DOCTYPE configuration
        PUBLIC "-//mybatis.org//DTD Config 3.0//EN"
        "http://mybatis.org/dtd/mybatis-3-config.dtd">
<configuration>
    
	<typeAliases>
		<package name="com.alibabapictures.sqbservice.module" />
	</typeAliases>
	
	<typeHandlers>
		<typeHandler handler="com.alibaba.ylb.service.dao.handler.ValuedEnumTypeHandler" javaType="com.alibaba.ylb.service.api.enums.ContractAuthorizationFileStatusEnum"/>
		<typeHandler handler="com.alibaba.ylb.service.dao.handler.ValuedEnumTypeHandler" javaType="com.alibaba.ylb.service.api.enums.ContractCommissionTypeEnum"/>
		<typeHandler handler="com.alibaba.ylb.service.dao.handler.ValuedEnumTypeHandler" javaType="com.alibaba.ylb.service.api.enums.ContractInvoiceStatusEnum"/>
		<typeHandler handler="com.alibaba.ylb.service.dao.handler.ValuedEnumTypeHandler" javaType="com.alibaba.ylb.service.api.enums.ContractMatchPayerEnum"/>
		<typeHandler handler="com.alibaba.ylb.service.dao.handler.ValuedEnumTypeHandler" javaType="com.alibaba.ylb.service.api.enums.ContractPayDelegationFileStatusEnum"/>
		<typeHandler handler="com.alibaba.ylb.service.dao.handler.ValuedEnumTypeHandler" javaType="com.alibaba.ylb.service.api.enums.ContractPayStatusEnum"/>
		<typeHandler handler="com.alibaba.ylb.service.dao.handler.ValuedEnumTypeHandler" javaType="com.alibaba.ylb.service.api.enums.ContractStatusEnum"/>
		<typeHandler handler="com.alibaba.ylb.service.dao.handler.ValuedEnumTypeHandler" javaType="com.alibaba.ylb.service.api.enums.WhetherEnum"/>
    </typeHandlers>
	<mappers>
		<mapper resource="mybatis/salary-mapper.xml" />
		<mapper resource="mybatis/contract-mapper.xml" />
		<mapper resource="mybatis/merchant-mapper.xml" />
	</mappers>
</configuration>