<?xml version="1.0" encoding="UTF-8" ?>
<!DOCTYPE mapper
        PUBLIC "-//mybatis.org//DTD Mapper 3.0//EN"
        "http://mybatis.org/dtd/mybatis-3-mapper.dtd">
<mapper namespace="com.alibaba.ylb.mtop.tddl.mybatis.SalaryMapper">
    <select id="selectSalaryByEmpNo" resultType="com.alibaba.ylb.mtop.tddl.Salary" resultMap="salaryMap">
        select * from salaries where emp_no = #{id}
    </select>
    <resultMap type="com.alibaba.ylb.mtop.tddl.Salary" id="salaryMap">
         <result property="empNo" column="emp_no"/>
         <result property="salary" column="salary"/>
         <result property="fromDate" column="from_date"/>
         <result property="toDate" column="to_date"/>
     </resultMap>
</mapper>
