<?xml version="1.0" encoding="UTF-8"?>
<beans xmlns="http://www.springframework.org/schema/beans"
	xmlns:xsi="http://www.w3.org/2001/XMLSchema-instance" xmlns:context="http://www.springframework.org/schema/context"
	xsi:schemaLocation="http://www.springframework.org/schema/beans
						http://www.springframework.org/schema/beans/spring-beans-2.5.xsd
						http://www.springframework.org/schema/context
						http://www.springframework.org/schema/context/spring-context-2.5.xsd">
						


    <context:component-scan base-package="com.alibaba.ylb"></context:component-scan>
    <context:component-scan base-package="com.alibabapictures.sqbservice"></context:component-scan>
    
	<import resource="spring-buc.xml" />

	
	<!-- <context:annotation-config /> <context:component-scan base-package="com.alibaba.ylb" 
		/> -->

	<!-- 注入spring boot无法扫描到的bean -->
	<!-- <bean id="mtopHsfagent" class="com.taobao.mtop.api.agent.MtopAgent" 
		init-method="init"> <property name="appName"> <value>apitest</value> </property> 
		</bean> -->

	<!-- <import resource="spring-buc.xml" /> <import resource="spring-autowire.xml" 
		/> -->

	<!-- <bean id="messageProducer" class="com.alibaba.ylb.mtop.ons.MessageProducer" 
		init-method="init"></bean> -->

	<!-- <bean id="TDDLController" class="com.alibaba.ylb.mtop.tddl.TDDLController" 
		init-method="init"> </bean> -->

	<!-- <bean id="mybatisQueryDemo" class="com.alibaba.ylb.mtop.tddl.mybatis.MybatisQueryDemo" 
		init-method="init"> </bean> -->

	<!-- <bean id="HSFProvider" class="com.alibaba.boot.hsf.annotation.HSFProvider" 
		init-method="init"> </bean> -->
		
</beans>