<?xml version="1.0" encoding="UTF-8"?>
<!DOCTYPE beans PUBLIC "-//SPRING//DTD BEAN//EN" "http://www.springframework.org/dtd/spring-beans.dtd">
<beans default-autowire="byName">
    <!--  
	<bean id="enhancedUserQueryService" class="com.taobao.hsf.app.spring.util.HSFSpringConsumerBean"
		init-method="init">
		<property name="interfaceName">
			<value>com.alibaba.buc.api.unit.EnhancedUserQueryReadService</value>
		</property>
		<property name="version">
			<value>${buc.version}</value>
		</property>
		<property name="group">
			<value>${buc.group}</value>
		</property>
	</bean>
	-->
</beans>