<?xml version="1.0" encoding="UTF-8"?>
<config>
    
    <!-- 上下文监听器 -->
    <listener>
        <listener-class>org.springframework.web.context.ContextLoaderListener</listener-class>
    </listener>
    
    <group name="ons">
        <property name="producer-id" defaultValue="PID-ons-test" description="生产者id"/>
        <property name="producer.mq-type" defaultValue="METAQ" description="生产者MQ的类型"/>
        <property name="consumer-id" defaultValue="CID-ons-test" description="消费者id"/>
        <property name="consume-thread-nums" defaultValue="30" description="消费端的最大线程数"/>
        <property name="consumer.mq-type" defaultValue="METAQ" description="消费者使用MQ的类型"/>
    </group>
    <group name="tddl">
        <property name="tddl.app" defaultValue="SQB_APP" description="tddl中配置的应用名"/>
        <property name="tddl.sharding" defaultValue="false" description="TDataSource是否拆分"/>
    </group>
    <group name="hsf">
        <property name="hsf.group" defaultValue="HSF" description="hsf服务所属的group"/>
        <property name="hsf.version" defaultValue="1.0.0.DAILY" description="hsf服务的version"/>
        <property name="hsf.timeout" defaultValue="2000" description="hsf服务的超时时间，单位是ms"/>
    </group>
    <group name="tair">
        <property name="config-id" defaultValue="mdbcomm-daily" description="tair配置的id"/>
    </group>
    <group name="app">
        <property name="autoconfig.value" defaultValue="autoconfig" description="autoconfig示例"/>
    </group>
    <group name="buc">
        <property name="buc.group" defaultValue="DAILYGROUP" description="buc group"/>
        <property name="buc.version" defaultValue="1.0.0.daily" description="buc version"/>
    </group>
    <script>
        <generate template="auto-config-demo.properties"/>
        <generate template="application.properties"/>
    </script>
</config>